date,platform,format,url,platform_id,video_type,supu_id,title,final_file,status,logged_by,notes
2026-08-28,YouTube,16:9,https://www.youtube.com/watch?v=YFSGhhN-L8I,YFSGhhN-L8I,brand-product,,Chess Players Keep Their Games. Now Sudoku Players Can Too. | Orbace Sudoku,,live,youtube-import-2026-09-30,60s; source folder not identified in repo
2026-08-28,YouTube,16:9,https://www.youtube.com/watch?v=Vfg3hWwL27k,Vfg3hWwL27k,brand-product,,Orbace Sudoku: Remember the Solve Not Just the Result,,live,youtube-import-2026-09-30,30s; probably brand-film-v1 renders/v01/ORB_MKT_V3_BRAND_16x9_30s_v01.mp4 - confirm and promote to renders/final
2026-08-28,YouTube Shorts,9:16,https://www.youtube.com/shorts/CWoQCnmbJsE,CWoQCnmbJsE,brand-product,,Your Sudoku Solve Has a Story,,live,youtube-import-2026-09-30,18s; likely solve-record-v1 or store-replay-v2 - confirm
2026-08-28,YouTube Shorts,9:16,https://www.youtube.com/shorts/5BCuZ4PNX7k,5BCuZ4PNX7k,brand-product,,Sudoku That Remembers Every Move,,live,youtube-import-2026-09-30,18s; likely solve-record-v1 or store-replay-v2 - confirm
2026-08-28,YouTube Shorts,9:16,https://www.youtube.com/shorts/5t4uC-_fizE,5t4uC-_fizE,brand-product,,Orbace Remembers Every Move | Sudoku Replay,,live,youtube-import-2026-09-30,30s; source folder not identified in repo
2026-08-28,YouTube Shorts,9:16,https://www.youtube.com/shorts/p-fdiBWpqnU,p-fdiBWpqnU,brand-product,,Orbace Remembers Every Move | Sudoku Replay,,live,youtube-import-2026-09-30,30s; second upload with the same title
2026-09-08,YouTube,16:9,https://www.youtube.com/watch?v=irDHMWhhXjI,irDHMWhhXjI,journal-lesson,SP-20260801-567421,Su-Pu Replay — Real Sudoku Solve for Lesson 7,videos/journal-lesson/lesson7/renders/final/SP-20260801-567421_lesson_169_1080p.mp4,live,youtube-import-2026-09-30,75s; same video re-uploaded 2026-09-29 as fk18qqlLIPU
2026-09-26,YouTube Shorts,9:16,https://www.youtube.com/shorts/j8hfxxkgIYg,j8hfxxkgIYg,trailer,SP-20260924-047554,See the Hidden Sudoku Pattern — Step by Step | Orbace su-pu,videos/trailer/SP-20260924-047554-easy/renders/final/SP-20260924-047554_trailer_916_1080p.mp4,live,youtube-import-2026-09-30,Easy trailer V4
2026-09-26,YouTube,16:9,https://www.youtube.com/watch?v=qz1zcqVdz2Q,qz1zcqVdz2Q,trailer,SP-20260924-047554,See the Hidden Sudoku Pattern — Step by Step | Orbace su-pu,videos/trailer/SP-20260924-047554-easy/renders/final/SP-20260924-047554_trailer_169_1080p.mp4,live,youtube-import-2026-09-30,Easy trailer V4
2026-09-26,YouTube,16:9,https://www.youtube.com/watch?v=0Zh2wJWnCrI,0Zh2wJWnCrI,trailer,SP-20260925-683633,This Sudoku Looked Impossible — Every Step Replayed | Orbace Su-Pu,videos/trailer/SP-20260925-683633-extreme-ibtree/renders/final/SP-20260925-683633_trailer_169_1080p.mp4,live,youtube-import-2026-09-30,Extreme IB Tree trailer V6
2026-09-26,YouTube Shorts,9:16,https://www.youtube.com/shorts/oOBIhpPqBd4,oOBIhpPqBd4,trailer,SP-20260925-683633,This Sudoku Looked Impossible — Every Step Replayed | Orbace Su-Pu,videos/trailer/SP-20260925-683633-extreme-ibtree/renders/final/SP-20260925-683633_trailer_916_1080p.mp4,live,youtube-import-2026-09-30,Extreme IB Tree trailer V6
2026-09-29,YouTube Shorts,9:16,https://www.youtube.com/shorts/mQQyWzigqRU,mQQyWzigqRU,full-replay,SP-20260928-355762,What if r5c3 = 1? One Contradiction Solves It,videos/full-replay/SP-20260928-355762/renders/final/SP-20260928-355762_full_916_4k.mp4,live,youtube-import-2026-09-30,
2026-09-29,YouTube,16:9,https://www.youtube.com/watch?v=dVESq4-Yt9A,dVESq4-Yt9A,full-replay,SP-20260928-355762,What if r5c3 = 1? A Sudoku Solved by Contradiction | Full Replay,videos/full-replay/SP-20260928-355762/renders/final/SP-20260928-355762_full_169_4k.mp4,live,youtube-import-2026-09-30,
2026-09-29,YouTube,16:9,https://www.youtube.com/watch?v=fk18qqlLIPU,fk18qqlLIPU,journal-lesson,SP-20260801-567421,Su-Pu Replay #002 — 125 Steps of a Real Sudoku Solve,videos/journal-lesson/lesson7/renders/final/SP-20260801-567421_lesson_169_1080p.mp4,live,youtube-import-2026-09-30,Re-upload of irDHMWhhXjI; used on the showcase for Lesson 07
